<?xml version="1.0" encoding="UTF-8"?>
<project-private xmlns="http://www.netbeans.org/ns/project-private/1">
    <editor-bookmarks xmlns="http://www.netbeans.org/ns/editor-bookmarks/2" lastBookmarkId="0"/>
    <open-files xmlns="http://www.netbeans.org/ns/projectui-open-files/2">
        <group>
            <file>file:/Users/mitishah/Kaam%20wala%20folder/Finalproject/SmartHealthManagementSystem/src/userinterface/Register/AmbulanceJPanel.java</file>
            <file>file:/Users/mitishah/Kaam%20wala%20folder/Finalproject/SmartHealthManagementSystem/src/userinterface/DrugSalesAdminRole/DrugSalesWorkAreaJPanel.java</file>
            <file>file:/Users/mitishah/Kaam%20wala%20folder/Finalproject/SmartHealthManagementSystem/src/userinterface/MainJFrame1.java</file>
            <file>file:/Users/mitishah/Kaam%20wala%20folder/Finalproject/SmartHealthManagementSystem/src/userinterface/SystemAdminWorkArea/SystemAdminWorkAreaJPanel.java</file>
            <file>file:/Users/mitishah/Kaam%20wala%20folder/Finalproject/SmartHealthManagementSystem/src/userinterface/gifui/GifUIJPanel.java</file>
        </group>
    </open-files>
</project-private>
